index;name;etype;from_bus;to_bus;length_km;r_ohm_per_km;x_ohm_per_km;c_nf_per_km ;max_i_ka;parallel;type;in_service
400001;Новотроицк - Ульке-220;line;3103;3020;1;5.0999999046;45.71;1.92386564;10;1;ol;TRUE
400002;ЖИТИКАРА-500 - УЛЬКЕ-500;line;577;9001;1;16.5400009155;149.3999938965;5.7922870785;10;1;ol;TRUE
400003;Орская - Кимперсай;line;3104;3005;1;8.3900003433;36.7200012207;0.7193806119;10;1;ol;TRUE
400004;Орская - Актюбе-220;line;3104;3006;1;16.68;73.02;1.43048514;10;1;ol;TRUE
400005;НОВО-АНГРЕНСКАЯ ТЭС - СЫРДАРЬИНСКАЯ ТЭС;line;2945;2923;1;4.18;38.2;1.55685421;10;1;ol;TRUE
400006;Нура-220 - Металлургическая;line;310;384;1;1.56;6.2;0.12923386;10;1;ol;FALSE
400007;Атбасар - Ирченко (т);line;134;163;1;6.0999999046;27.1000003815;0.5322143427;10;1;ol;TRUE
400008;пс-18 - Семей-220;line;218;981;1;0.5;5.18;0.1336902;10;1;ol;FALSE
400009;кгпп - Красноармейская;line;135;159;1;5.8000001907;25.8999996185;0.5077044713;10;1;ol;FALSE
400010;Макинск - Степная;line;150;151;1;14;55.5999984741;1.1586484217;10;1;ol;FALSE
400011;гпп-1 - гпп-2;line;5958;5957;1;3.1199998856;12.1700000763;0.2565578681;10;1;ol;TRUE
400012;КОСТАНАЙСКАЯ - ЧЕЛЯБИНСК;line;590;4705;1;4;75.3;4.520002;10;1;ol;FALSE
400013;ТРОИЦКАЯ ГРЭС - СОКОЛ-500;line;4799;576;1;4.92;50;1.9798882;10;1;ol;FALSE
400014;ИРИКЛИНСКАЯ ГРЭС - ЖИТИКАРА-500;line;4790;577;1;5.0500001907;57.9000015259;2.3045643464;10;1;ol;FALSE
400015;ЕСИЛЬ - СОКОЛ-500;line;180;576;1;8.8000001907;80;3.3995507465;10;1;ol;FALSE
400016;СОКОЛ-500 - ЖИТИКАРА-500;line;576;577;1;4.6999998093;53.5;2.1263108713;10;1;ol;FALSE
400017;КОСТАНАЙСКАЯ - СОКОЛ-500;line;590;576;1;1.2999999523;13.6000003815;0.5061129092;10;1;ol;FALSE
400018;Троицкая грэс - Приуральская;line;4798;595;1;4.8000001907;18.8999996185;0.3969325816;10;1;ol;FALSE
400019;Новотроицк - Орская;line;3103;3104;1;0.88;5.08;0.10408737;10;1;ol;TRUE
400020;Рысаево - Новотроицк;line;3102;3103;1;5.37;30.5;0.63662;10;1;ol;TRUE
400021;Ириклинская грэс - Орская;line;4791;3104;1;4.38;25.24;0.51661713;10;1;ol;TRUE
400022;Приуральская - Качары;line;595;582;1;7.8000001907;30.6000003815;0.6401214206;10;1;ol;FALSE
400023;Качары - Сокол-220;line;582;575;1;5.0999999046;19.6000003815;0.3819719904;10;1;ol;FALSE
400024;Сокол-220 - Заречная;line;575;596;1;8;35.5999984741;0.6990087558;10;1;ol;FALSE
400025;Кустанайская - Центральная;line;592;593;1;4.6999998093;20.8999996185;0.4099832984;10;1;ol;FALSE
400026;Кустанайская - Сокол-220;line;592;575;1;3.7999999523;17.1000003815;0.3351804346;10;1;ol;FALSE
400027;Сокол-220 - Лисаковка;line;575;574;1;3.9000000954;28;0.5825072888;10;1;ol;FALSE
400028;Лисаковка - Апановка;line;574;573;1;5.5100002289;21.2999992371;0.4456340119;10;1;ol;FALSE
400029;Апановка - Сокол-220;line;573;575;1;6.4000000954;24.6000003815;0.5124791114;10;1;ol;FALSE
400030;Апановка - Кушмурун;line;573;571;1;10.5;40.7000007629;0.8339721581;10;1;ol;TRUE
400031;Аман-карагай - Кушмурун;line;572;571;1;4.1199998856;16;0.3246761941;10;1;ol;TRUE
400032;Кушмурун - Челгаши;line;571;585;1;9.8500003815;38.0999984741;0.7925919136;10;1;ol;TRUE
400033;Есиль - Челгаши;line;170;585;1;6.5;25;0.4901973807;10;1;ol;TRUE
400034;Кемин - Бишкек;line;2952;2918;1;21.66;93.26;1.906390421;10;1;ol;FALSE
400035;Ириклинская грэс - Орская;line;4791;3104;1;4.38;25.24;0.51661713;10;2;ol;TRUE
400036;Ириклинская грэс - Новотроицк;line;4791;3103;1;5.57;32.05;0.65603691;10;1;ol;TRUE
400037;Ириклинская грэс - Новотроицк;line;4791;3103;1;2.11;22.57;0.9199159;10;2;ol;TRUE
400038;Ириклинская грэс - Рысаево;line;4791;3102;1;9.8;54.27;1.13923149;10;1;ol;TRUE
400039;ЛОЧИН - ДАТКА;line;2920;2950;1;2.69;26.82;1.06793005;10;1;ol;TRUE
400040;Сокол-220 - ссгпо;line;575;594;1;0.9399999976;3.7000000477;0.0776676408;10;1;ol;FALSE
400041;Сокол-220 - ссгпо;line;575;594;1;0.94;3.7;0.07766764;10;2;ol;FALSE
400042;ШАГОЛ    - ЮЖНОУРАЛЬСКАЯ ГРЭС-2;line;4782;47161;1;1.78;25.87;1.27801465;10;1;ol;FALSE
400043;Бурное - сэс бурное;line;802;810;1;4.37;17.43;0.350141;10;1;ol;FALSE
400044;ЭГРЭС-1-500 - ЭКИБАСТУЗСКАЯ;line;25;26;1;0.31;3.81;0.15310711;10;1;ol;FALSE
400045;ЭКИБАСТУЗСКАЯ - ЭГРЭС-2-500;line;26;28;1;0.81;11.75;0.33008747;10;1;ol;FALSE
400046;ЭКИБАСТУЗСКАЯ - КОКЧЕТАВСКАЯ;line;26;175;1;6.05;132.6999969482;6.9646228;10;1;ol;FALSE
400047;еэк-220 - азф;line;33;55;1;0.400000006;3;0.1187296308;10;1;ol;TRUE
400048;еэк-220 - азф;line;33;55;1;0.4;3;0.11872963;10;2;ol;TRUE
400049;еэк-220 - пс 51;line;33;251;1;6;64.3000030518;2.6005926771;10;1;ol;FALSE
400050;Калкаман - еэк-220;line;36;33;1;6.47;26.7;0.57582279;10;1;ol;FALSE
400051;нс-7 - нс-12;line;37;52;1;8.029999733;31.7000007629;0.6627214174;10;1;ol;TRUE
400052;Экибастуз-220 - црмз;line;38;54;1;2.38;9.83;0.21199446;10;1;ol;FALSE
400053;эгрэс-1 - эгрэс-2-220;line;39;29;1;2.4000000954;10.6000003815;0.2088113519;10;1;ol;FALSE
400054;эгрэс-1 - эгрэс-2-220;line;39;29;1;2.3;10.2;0.19958037;10;2;ol;FALSE
400055;эгрэс-1 - нс-7;line;39;37;1;8.1999998093;32.2999992371;0.676408759;10;1;ol;TRUE
400056;эгрэс-1 - Экибастуз-220;line;39;38;1;5.1999998093;20.2999992371;0.4249438433;10;1;ol;FALSE
400057;Уленты (т) - Бощак(T);line;58;59;1;4;17.5;0.3434564882;10;1;ol;FALSE
400058;Уленты (т) - Бощак(T);line;58;59;1;4.1999998093;18.5;0.3625550946;10;2;ol;FALSE
400059;ээпк - Калкаман;line;53;36;1;6.8000001907;27;0.564681932;10;1;ol;FALSE
400060;эгрэс-2-220 - Строительная-2;line;29;56;1;0.1299999952;0.6000000238;0.0117774699;10;1;ol;FALSE
400061;Таскудык(Т) - еэк-220;line;61;33;1;3.3800001144;14.8000001907;0.2898212616;10;1;ol;TRUE
400062;Строительная-2 - Таскудык(Т);line;56;61;1;9.8500003815;43.1399993896;0.8450493563;10;1;ol;FALSE
400063;Ерментау (т) - Уленты (т);line;166;58;1;4.5999999046;20.6000003815;0.4039354086;10;1;ol;FALSE
400064;КЭЗ-1.2 - ЕЭК-500;line;27;31;1;0.72;7.45;0.29666492;10;1;ol;FALSE
400065;КЭЗ-1.2 - ЕЭК-500;line;27;31;1;0.72;7.43;0.29570999;10;2;ol;FALSE
400066;ЭКИБАСТУЗСКАЯ - АЛТАЙ;line;26;1660;1;14.79;212.33;9.1227646;10;1;ol;FALSE
400067;РУБЦОВСКАЯ - УСТЬ-КАМЕНОГРСКАЯ-500;line;1621;240;1;4.34;44.02;1.7825360476;10;1;ol;FALSE
400068;Усть-Камногорская-220 - пс-14;line;241;214;1;5.19;20.42;0.4042537;10;1;ol;FALSE
400069;Усть-Камногорская-220 - пс-14;line;241;214;1;5.19;20.42;0.4042537;10;2;ol;FALSE
400070;ЧЕЛЯБИНСК - ЗЛАТОУСТ;line;4705;4715;1;2.65;35.2;1.4164795;10;1;ol;FALSE
400071;шгэс-220 - пс-14;line;220;214;1;2.07;21.23;0.8626201;10;1;ol;FALSE
400072;ШАГОЛ    - ЧЕЛЯБИНСК;line;4782;4705;1;1.5;19;0.732113;10;1;ol;FALSE
400073;СМЕЛОВСКАЯ - БЕКЕТОВО;line;50014;4709;1;8.8;81.8;2.960283;10;1;ol;FALSE
400074;пс 51 - Семей-220;line;251;981;1;3.89;40.67;1.4355781;10;1;ol;FALSE
400075;шгэс-220 - Семей-220;line;220;981;1;3.91;27.45;1.0281413;10;1;ol;FALSE
400076;Шоптыколь (т) - Осакаровка;line;101;306;1;5.71;25.01;0.48987909;10;1;ol;FALSE
400077;Шоптыколь (т) - Осакаровка;line;101;306;1;5.81;25.44;0.49847346;10;2;ol;FALSE
400078;нс 17 - нс-19;line;307;309;1;4.5999999046;18.2000007629;0.3501410027;10;1;ol;TRUE
400079;нс-19 - Осакаровка;line;309;306;1;5.8099999428;22.6000003815;0.4456340119;10;1;ol;FALSE
400080;НУРА-500 - АГАДЫРЬ-500;line;325;469;1;6.8600001335;79.4000015259;3.1862832754;10;1;ol;FALSE
400081;грэс-2 - отпайка-4;line;355;314;1;6.5;25.5;0.5061129092;10;1;ol;FALSE
400082;грэс-2 - отпайка-5;line;355;315;1;6.5;25.5;0.5061129092;10;1;ol;FALSE
400083;грэс-2 - Кара-мурун;line;355;450;1;4.4000000954;17.3999996185;0.3577804314;10;1;ol;TRUE
400084;грэс-2 - Жана-арка;line;355;453;1;15;60.2999992371;1.1681977018;10;1;ol;FALSE
400085;грэс-2 - Кайракты;line;355;457;1;15.6999998093;62.7999992371;1.2184906941;10;1;ol;FALSE
400086;Кара-мурун - Жарык;line;450;451;1;5.8299999237;23;0.4742818984;10;1;ol;TRUE
400087;Жарык - Айса;line;451;452;1;4.1700000763;16.4699993134;0.3393184498;10;1;ol;TRUE
400088;Айса - Aгадырь-220;line;452;468;1;3.6099998951;14.2600002289;0.2938001206;10;1;ol;FALSE
400089;жтэц - Никольская;line;462;461;1;4.76;10.04;0.8403384;10;1;ol;TRUE
400090;жтэц-220 - Жезказган-220;line;463;466;1;1.6799999475;7.0900001526;0.1448310527;10;1;ol;FALSE
400091;жтэц-220 - Жезказган-220;line;463;466;1;1.84;7.76;0.15820007;10;2;ol;FALSE
400092;Никольская - Барсенгир;line;464;454;1;10.8999996185;42.0999984741;0.8728059959;10;1;ol;FALSE
400093;Никольская - Жезказган-220;line;464;466;1;1.5800000429;6.6599998474;0.136523154;10;1;ol;FALSE
400094;Kаражал - Барсенгир;line;465;454;1;21.8999996185;84.8000030518;1.9152712166;10;1;ol;FALSE
400095;Kаражал - жтэц-220;line;465;463;1;26.8999996185;104.6999969482;2.2612742273;10;1;ol;FALSE
400096;Жезказган-220 - Кумколь;line;466;467;1;23.4500007629;98.9599990845;2.0228600747;10;1;ol;FALSE
400097;Жезказган-220 - Кумколь;line;466;467;1;22.98;96.97;1.98243468;10;2;ol;FALSE
400098;Aгадырь-220 - Kаражал;line;468;465;1;18.1000003815;70.4000015259;1.4355780996;10;1;ol;FALSE
400099;Aгадырь-220 - Балхашская-220;line;468;473;1;23.6700000763;99.6800003052;2.037502261;10;1;ol;FALSE
400100;Aгадырь-220 - Mоинты;line;468;475;1;12.8000001907;54.2000007629;1.1134483354;10;1;ol;FALSE
400101;АГАДЫРЬ-500 - ЮКГРЭС;line;469;900;1;11.5;118.4100036621;4.6064550908;10;1;ol;FALSE
400102;бтэц-110 - Балхашская-110;line;471;472;1;0.349999994;1.4800000191;0.1196845565;10;1;ol;FALSE
400103;Балхашская-220 - Акчтау;line;473;474;1;15.9;63.6;1.23217801;10;1;ol;FALSE
400104;Акчтау - Кайракты;line;474;457;1;8.96;36.1;0.72383694;10;1;ol;FALSE
400105;Mоинты - Каражингил;line;475;476;1;4.4099998474;18.6000003815;0.3924762077;10;1;ol;TRUE
400106;Каражингил - Сарышаган;line;476;477;1;8.3900003433;35.4000015259;0.7464369364;10;1;ol;TRUE
400107;ЖЕЗКАЗГАН-500 - АГАДЫРЬ-500;line;480;469;1;12.6000003815;123;4.8892417729;10;1;ol;FALSE
400108;ЮКГРЭС - АЛМАТЫ;line;900;902;1;9.3500003815;85;3.5809873458;10;1;ol;FALSE
400109;ЮКГРЭС - АЛМА;line;900;938;1;9.1999998093;98.1999969482;3.6541988328;10;1;ol;FALSE
400110;АЛМАТЫ - АЛМА;line;902;938;1;1.7999999523;19.5;0.724155252;10;1;ol;FALSE
400111;Алма - Бесагаш;line;939;940;1;4.1999998093;23.5;0.8336538457;10;1;ol;FALSE
400112;Алма - Бесагаш;line;939;940;1;4.1999998093;23.5;0.8336538457;10;2;ol;FALSE
400113;Алма - тэц-3 2сш;line;939;904;1;2.5999999046;11.1999998093;0.2202705297;10;1;ol;FALSE
400114;Алма - тэц-3 2сш;line;939;904;1;1.5;10.7;0.2260001;10;2;ol;FALSE
400115;юкгрэс - Мынарал;line;901;924;1;4.5999999046;20.5;0.4042537211;10;1;ol;TRUE
400116;Алматы - Робот;line;903;907;1;7.7100000381;30.4400005341;0.6366199839;10;1;ol;FALSE
400117;Алматы - Медео;line;903;928;1;7.0100002289;31.3099994659;0.6143382995;10;1;ol;FALSE
400118;Алматы - тэц-3 2сш;line;903;904;1;7;30.1499996185;0.6175213775;10;1;ol;FALSE
400119;Алматы - Главная;line;903;2916;1;19;82;1.6711274404;10;1;ol;FALSE
400120;Алма - Чилик;line;939;911;1;12;52.7000007629;1.0319610034;10;1;ol;FALSE
400121;Робот - пс-62 АТ2;line;907;908;1;0.1000000015;0.8999999762;0.0197352197;10;1;ol;FALSE
400122;Робот - пс-62 АТ2;line;907;908;1;0.3;1.2;0.02355494;10;2;ol;FALSE
400123;пс-62 АТ2 - Капчагайская гэс-220;line;908;909;1;0.8000000119;5.4200000763;0.1133183544;10;1;ol;FALSE
400124;пс-62 АТ2 - Капчагайская гэс-220;line;908;909;1;1.2;5.6;0.11045357;10;2;ol;FALSE
400125;Капчагайская гэс-220 - Сары-Озек;line;909;950;1;8;35.2999992371;0.6923242412;10;1;ol;FALSE
400126;Капчагайская гэс-220 - Сары-Озек;line;909;950;1;8;35.3;0.69200594;10;2;ol;FALSE
400127;Талдыкорган-220 - Талдыкорганская-220;line;988;951;1;4.29;18.79;0.36796636;10;1;ol;FALSE
400128;Талдыкорган-220 - Талдыкорганская-220;line;988;951;1;4.73;20.72;0.40584525;10;2;ol;FALSE
400129;пс-7 - Западная;line;912;918;1;5;20;0.4901973807;10;1;ol;FALSE
400130;Западная - Кемин;line;918;2952;1;9.27;40.58;0.794947394;10;1;ol;FALSE
400131;Чиганак - Кияхты;line;925;930;1;6.5279998779;29.1700000763;0.572512362;10;1;ol;TRUE
400132;тэц-3 2сш - Медео;line;904;928;1;0.3300000131;1.4900000095;0.0292845201;10;1;ol;FALSE
400133;Алматы - Таугуль;line;903;929;1;9.3000001907;33.7999992371;0.6423495612;10;1;ol;FALSE
400134;Алматы - Таугуль;line;903;929;1;9.3000001907;33.7999992371;0.6423495612;10;2;ol;FALSE
400135;Кияхты - Жидели;line;930;931;1;8.529999733;37.75;0.7416622963;10;1;ol;TRUE
400136;Жидели - Шу;line;931;932;1;7.9000000954;35.2000007629;0.6907326791;10;1;ol;TRUE
400137;Шу - Аспара;line;932;814;1;1.2999999523;6;0.1177747051;10;1;ol;FALSE
400138;Шу - Главная;line;932;2916;1;16.7999992371;72;1.4960569969;10;1;ol;FALSE
400139;ЖАМБЫЛ - ФРУНЗЕ;line;800;2919;1;6;69;2.581494117;10;1;ol;FALSE
400140;Жамбыл - сэс бурное;line;801;810;1;3.33;12.77;0.262096454;10;1;ol;FALSE
400141;Жамбыл - Каратау;line;801;803;1;7.6599998474;29.8799991608;0.6073354725;10;1;ol;FALSE
400142;Жамбыл - жгрэс-220;line;801;805;1;4.0999999046;16.2600002289;0.3205381789;10;1;ol;FALSE
400143;Жамбыл - Жамбыл Тяга;line;801;815;1;2.8800001144;11.4200000763;0.2253634822;10;1;ol;FALSE
400144;Жамбыл - Бурное Тяга;line;801;816;1;4.9800000191;20.1900005341;0.4017072217;10;1;ol;TRUE
400145;ШЫМКЕНТ-500 - ЖАМБЫЛ;line;830;800;1;4.0999999046;51.5999984741;1.948057211;10;1;ol;FALSE
400146;Ванновка - Бурное;line;835;802;1;2.69;10.32;0.21772404;10;1;ol;FALSE
400147;Каратау - Опорная;line;803;804;1;8.3900003433;33.4109992981;0.6948389186;10;1;ol;FALSE
400148;жгрэс-220 - Аспара;line;805;814;1;21.8999996185;86.3600006104;1.8181866685;10;1;ol;FALSE
400149;жгрэс-220 - Абдезим;line;805;817;1;11.8800001144;44.2999992371;0.9944004153;10;1;ol;TRUE
400150;Мерке - Бишкек;line;809;2918;1;3.1400001049;12.220000267;0.2505099784;10;1;ol;FALSE
400151;Жамбыл Тяга - жгрэс-220;line;815;805;1;2.0999999046;8.3699998856;0.1640569702;10;1;ol;FALSE
400152;Абдезим - Мерке;line;817;809;1;4.75;17.7299995422;0.3978875189;10;1;ol;TRUE
400153;ШЫМКЕНТ-500 - ТАШ.ГРЭС;line;830;2924;1;3;32.5;1.4483105039;10;1;ol;FALSE
400154;Шымкент-220 - Шымкентская ТЭЦ-3;line;831;813;1;2.4100000858;9.4899997711;0.1941690963;10;1;ol;FALSE
400155;Шымкент-220 - Бадам;line;831;836;1;6.6900000572;26.4300003052;0.5551326056;10;1;ol;TRUE
400156;Шымкент-220 - Шымкентская;line;831;843;1;1.7200000286;10.75;0.2438254638;10;1;ol;FALSE
400157;Шымкент-220 - Кызылсай;line;831;845;1;4.7899999619;18.7999992371;0.3985240974;10;1;ol;FALSE
400158;Шымкент-220 - гнпс;line;831;846;1;5.2199997902;20.0599994659;0.4214424067;10;1;ol;FALSE
400159;Ванновка - Сас-тюбе;line;835;834;1;3.8980000019;15.0120000839;0.3135003339;10;1;ol;FALSE
400160;Бадам - Арысь;line;836;837;1;4.1700000763;16.9799995422;0.3460029644;10;1;ol;TRUE
400161;Арысь - Монтайташ;line;837;838;1;4.6199998856;18.2299995422;0.3816537011;10;1;ol;TRUE
400162;Монтайташ - Жылга;line;838;839;1;4.4800000191;17.7099990845;0.3717860854;10;1;ol;TRUE
400163;Жылга - Ташкент;line;839;2925;1;5.0199999809;31.8500003815;0.6776819623;10;1;ol;FALSE
400164;Кентау - Шолаккорган;line;840;841;1;9.2399997711;35.4379997253;0.7472995575;10;1;ol;FALSE
400165;Шолаккорган - Опорная;line;841;804;1;5.1999998093;20.2000007629;0.4243072185;10;1;ol;FALSE
400166;Миргалимсай - Кентау;line;842;840;1;2.1600000858;8.3999996185;0.1722057127;10;1;ol;FALSE
400167;Жанакорган - Миргалимсай;line;865;842;1;12.529999733;48.1399993896;1.0090426942;10;1;ol;FALSE
400168;Шымкентская - Жылга;line;843;839;1;6.5500001907;41.4000015259;0.8890398368;10;1;ol;FALSE
400169;Шымкентская - Миргалимсай;line;843;842;1;19.6989994049;79.3000030518;1.509553314;10;1;ol;FALSE
400170;Шымкентская - Ташкент;line;843;2925;1;8.5799999237;52.0400009155;1.1496720299;10;1;ol;FALSE
400171;Кызылсай - Тюлькубас;line;845;844;1;6.2300000191;25.2600002289;0.5003833319;10;1;ol;TRUE
400172;Бурное Тяга - Тюлькубас;line;816;844;1;6007;25.86;0.52871291;10;1;ol;TRUE
400173;Сас-тюбе - Шымкент-220;line;834;831;1;6.8759999275;26.4489994049;0.5538912242;10;1;ol;FALSE
400174;гнпс - Кентау;line;846;840;1;22.2800006866;85.5999984741;1.7978148587;10;1;ol;FALSE
400175;Кызылординская тэц - отпайка;line;860;861;1;0.1800000072;0.7900000215;0.0159154996;10;1;ol;2
400176;отпайка - Жалагаш;line;861;866;1;7.78;30.41;0.6165664865;10;1;ol;TRUE
400177;Кызылординская - Ру-6;line;862;869;1;14.45;56.43;1.18888785;10;1;ol;FALSE
400178;Ру-6 - Кентау;line;869;840;1;21.97;85.81;1.80768249;10;1;ol;FALSE
400179;Кызылординская - Кызылординская тэц;line;862;860;1;1.0499999523;4.0900001526;0.0830789115;10;1;ol;FALSE
400180;Кызылординская - отпайка;line;862;861;1;1.0399999619;4.0999999046;0.0830789115;10;1;ol;FALSE
400181;Шиели - Кызылординская;line;863;862;1;11.5500001907;45.11;1.10039767;10;1;ol;FALSE
400182;Жалагаш - Жусалы;line;866;867;1;7.1999998093;28;0.5681833686;10;1;ol;TRUE
400183;Жусалы - гпп-1;line;867;5958;1;9.8000001907;38.2799987793;0.7760398065;10;1;ol;TRUE
400184;Коунрад-110 - бтэц-110;line;482;471;1;1.3999999762;5.5;0.1371916124;10;1;ol;TRUE
400185;Батыс - Достык;line;102;103;1;2352;11466;0.2685836118;10;1;ol;FALSE
400186;Батыс - Достык;line;102;103;1;2.35;11.47;0.26865364;10;2;ol;FALSE
400187;Достык - Шыгыс;line;103;104;1;2.92;16.8;0.343838462;10;1;ol;FALSE
400188;Достык - Шыгыс;line;103;104;1;2.92;16.8;0.3437748;10;2;ol;FALSE
400189;цгпп - Акмолинская ТЭЦ;line;130;108;1;0.15;0.79;0.01655212;10;1;ol;FALSE
400190;Шыгыс - Шоптыколь (т);line;104;101;1;3.19;6.95;0.14037471;10;1;ol;FALSE
400191;Шыгыс - Шоптыколь (т);line;104;101;1;3.09;6.52;0.13178034;10;2;ol;FALSE
400192;Чернозубовка - Куйбышевская;line;186;157;1;8.52;30.62;0.582634624;10;1;ol;FALSE
400193;ЦГПП  - ЕСИЛЬ;line;129;180;1;11.12;113.36;4.5486499;10;1;ol;FALSE
400194;ЮЖНОУРАЛЬСКАЯ ГРЭС-2 - ТРОИЦКАЯ ГРЭС;line;47161;4799;1;1.29;18.64;0.96479761;10;1;ol;FALSE
400195;Есиль - оп-80 (т);line;170;165;1;4.0999999046;18.2999992371;0.3593719935;10;1;ol;TRUE
400196;оп-80 (т) - Жаксы (т);line;165;164;1;2.7999999523;12.5;0.2457353152;10;1;ol;TRUE
400197;кгпп - Кокшетауская-1150;line;135;176;1;3.5999999046;18.7999992371;0.4093466735;10;1;ol;TRUE
400198;цгпп - Батыс;line;130;102;1;3.48;19.46;0.39884243;10;1;ol;FALSE
400199;цгпп - Батыс;line;130;102;1;3.48;19.46;0.39884243;10;2;ol;FALSE
400200;Степная - Жолымбет;line;151;123;1;8;31.6000003815;0.7002820055;10;1;ol;FALSE
400201;Атбасар - Жалтыр (т);line;134;132;1;11.5;51.5;1.0103159439;10;1;ol;FALSE
400202;цгпп - Жалтыр (т);line;130;132;1;11.3999996185;51.0999984741;1.0020399135;10;1;ol;FALSE
400203;цгпп - Сары-оба (т);line;130;169;1;4.9000000954;22.2000007629;0.4360846855;10;1;ol;TRUE
400204;Атбасар - Перекатная (т);line;134;172;1;2.9000000954;13.1000003815;0.2568761805;10;1;ol;FALSE
400205;Жолымбет - цгпп;line;123;130;1;7.8000001907;32;0.6366199839;10;1;ol;FALSE
400206;птэц-2-220 - Смирново;line;144;143;1;5.09;22.27;0.436148362;10;1;ol;FALSE
400207;птэц-2-220 - Смирново;line;144;143;1;5.02;21.96;0.43035512;10;2;ol;FALSE
400208;Аврора - Макушино;line;148;4781;1;17.7000007629;79.0999984741;1.55335277;10;1;ol;TRUE
400209;Нура-220 - ипм;line;310;318;1;3.4;13;0.2801128;10;1;ol;TRUE
400210;АВРОРА - ТАВРИЧЕСКАЯ;line;147;1817;1;11.47;87.78;3.437748;10;1;ol;FALSE
400211;Киялы - Аврора;line;136;148;1;3.4000000954;15.3000001907;0.2995297211;10;1;ol;FALSE
400212;Макинск - Бурабай (т);line;150;126;1;4.4;16.5;0.3565072;10;1;ol;FALSE
400213;Бурабай (т) - Кокшетауская-1150;line;126;176;1;12.3999996185;51.5;1.0918033;10;1;ol;FALSE
400214;цгпп - Танкерис (т);line;130;179;1;3.4000000954;15.1000003815;0.29539168;10;1;ol;FALSE
400215;Шортанды (т) - Танкерис (т);line;125;179;1;3.7000000477;16.3999996185;0.32244803;10;1;ol;TRUE
400216;Аврора - Сибирь;line;148;161;1;10.3000001907;36.9000015259;0.6366199839;10;1;ol;TRUE
400217;Куйбышевская - Янко (т);line;157;153;1;7.5;29.1000003815;0.5920566152;10;1;ol;FALSE
400218;Янко (т) - Буран;line;153;173;1;4.3000001907;16.5;0.3342254973;10;1;ol;FALSE
400219;Буран - Уголки(т);line;173;156;1;3.2000000477;12.5;0.2546479936;10;1;ol;FALSE
400220;Кокшетауская-1150 - Уголки(т);line;176;156;1;3.5999999046;13.5;0.2896621054;10;1;ol;FALSE
400221;Сибирь - птэц-2-110;line;160;142;1;19.7999992371;47.2000007629;1.0472399071;10;1;ol;TRUE
400222;Ирченко (т) - Жалтыр (т);line;163;132;1;5.5;24.3999996185;0.4781016012;10;1;ol;TRUE
400223;Жаксы (т) - Перекатная (т);line;164;172;1;5.5;24.6000003815;0.4831946;10;1;ol;TRUE
400224;цгпп - Тастак (т);line;130;162;1;5.3000001907;23.6000003815;0.4631410562;10;1;ol;TRUE
400225;Тастак (т) - Жалтыр (т);line;162;132;1;6.0999999046;27.5;0.5388988109;10;1;ol;TRUE
400226;Красноармейская - Киялы;line;159;136;1;4.3000001907;19.2999992371;0.3797438265;10;1;ol;FALSE
400227;Шортанды (т) - Ельтай (т);line;125;178;1;8.1999998093;36.5999984741;0.7190622995;10;1;ol;TRUE
400228;Ельтай (т) - Макинск;line;178;150;1;4.9000000954;22.2000007629;0.4360846855;10;1;ol;TRUE
400229;Еркеншилик (т) - Сары-оба (т);line;167;169;1;4.5999999046;20.5;0.4017072217;10;1;ol;TRUE
400230;АВРОРА - КОКЧЕТАВСКАЯ;line;147;175;1;5;49.9000015259;1.9512403352;10;1;ol;FALSE
400231;АВРОРА - КУРГАН;line;147;4727;1;9.37;84.1;3.1958324;10;1;ol;FALSE
400232;Акмолинская ТЭЦ - Шыгыс;line;108;104;1;3.51;19.37;0.40648187;10;1;ol;FALSE
400233;Жамбыл - жгрэс-220;line;801;805;1;4.0700001717;15.8299999237;0.3243578817;10;2;ol;FALSE
400234;Акмолинская ТЭЦ - Шыгыс;line;108;104;1;3.42;18.87;0.39629595;10;2;ol;FALSE
400235;Мынарал - Сарышаган;line;924;477;1;9.0900001526;40.6300010681;0.7973665073;10;1;ol;TRUE
400236;Жамбыл - Каратау;line;801;803;1;8.1499996185;32.3100013733;0.6366199839;10;2;ol;FALSE
400237;ЗЛАТОУСТ - ПРИВАЛОВСКАЯ;line;4715;50032;1;1;12.6;0.5506763;10;1;ol;FALSE
400238;КУРГАН - ВИТЯЗЬ;line;4727;1852;1;9.4;87.42;3.54692833;10;1;ol;FALSE
400239;Талдыкорган-220 - Сары-Озек;line;988;950;1;4.25;18.62;0.36478326;10;2;ol;FALSE
400240;Коунрад-110 - бтэц-110;line;482;471;1;1.4;5.5;0.13719161;10;2;ol;TRUE
400241;Ульке-220 - Акжар;line;3020;3004;1;2.65;11.58;0.22695503;10;1;ol;TRUE
400242;Талдыкорган-220 - Сары-Озек;line;988;950;1;4.74;20.76;0.40680018;10;1;ol;FALSE
400243;КРОПАЧЕВО - ПРИВАЛОВСКАЯ;line;4714;50032;1;1.78;23.79;1.1300005;10;1;ol;FALSE
400244;УФИМСКАЯ - КРОПАЧЕВО;line;4712;4714;1;2.37;36.08;1.3750992;10;1;ol;FALSE
400245;АЛМА - ТАЛДЫКОРГАН-500;line;938;987;1;5.91;62.76;2.33512216;10;1;ol;FALSE
400246;БЕКЕТОВО - УФИМСКАЯ;line;4709;4712;1;1.36;20.67;0.7894088;10;1;ol;FALSE
400247;МАГНИТОГОРСКАЯ - СМЕЛОВСКАЯ;line;4785;50014;1;0.64;5.9;0.222817;10;1;ol;FALSE
400248;юкгрэс - Чиганак;line;901;925;1;0.9800000191;4.3000001907;0.0827605991;10;1;ol;FALSE
400249;Актюбе-220 - Ульке-220;line;3006;3020;1;4.9400000572;17.7000007629;0.34568466;10;1;ol;TRUE
400250;Кимперсай - Акжар;line;3005;3004;1;7.23;31.66;0.62006788;10;1;ol;TRUE
400251;Актюбе-220 - Акжар;line;3006;3004;1;1.4;6.13;0.12032118;10;1;ol;TRUE
400252;Кумколь - гпп-2;line;467;5957;1;26.4099998474;104.1999969482;2.1791501779;10;1;ol;FALSE
400253;ЭКИБАСТУЗСКАЯ - ЭГРЭС-2-500;line;26;28;1;0.93;11.27;0.31289873;10;2;ol;FALSE
400254;ЭГРЭС-1-500 - ЭКИБАСТУЗСКАЯ;line;25;26;1;0.25;3.15;0.126400901;10;2;ol;FALSE
400255;Жана-арка - Kаражал;line;453;465;1;10.6000003815;43;0.8260144401;10;1;ol;FALSE
400256;цгпп - Акмолинская ТЭЦ;line;130;108;1;0.25;1.28;0.02673804;10;2;ol;FALSE
400257;ЭГРЭС-1-500 - ЦГПП ;line;25;129;1;7.3;89.75;3.37949727;10;1;ol;FALSE
400258;эгрэс-1 - бгок;line;39;62;1;5.17;33.19;0.76298907;10;1;ol;FALSE
400259;Смирново - Аврора;line;143;148;1;0.75;3.26;0.06398031;10;1;ol;FALSE
400260;вэс ерейментау - Ерментау (т);line;155;166;1;1.7;7.7;0.15119725;10;1;ol;FALSE
400261;Еркеншилик (т) - вэс ерейментау;line;167;155;1;5.05;22.57;0.442864703;10;1;ol;FALSE
400262;Смирново - Аврора;line;143;148;1;0.79;3.44;0.06748172;10;2;ol;FALSE
400263;црмз - ээпк;line;54;53;1;1.84;7.59;0.16361134;10;1;ol;FALSE
400264;Коян-Кос - тэц-3 2сш;line;953;904;1;0.8500000238;4.75;0.0970845481;10;1;ol;FALSE
400265;Коян-Кос - тэц-3 2сш;line;953;904;1;0.8500000238;4.75;0.0970845481;10;2;ol;FALSE
400266;пс-7 - Коян-Кос;line;912;953;1;1.1299999952;6.3000001907;0.1289155473;10;1;ol;FALSE
400267;пс-7 - Коян-Кос;line;912;953;1;1.1299999952;6.3000001907;0.1289155473;10;2;ol;FALSE
400268;Робот - Алма;line;907;939;1;2.0999999046;14.1999998093;0.2988930962;10;1;ol;FALSE
400269;АГАДЫРЬ-500 - ЮКГРЭС;line;469;900;1;12.7;115.6;4.8574106;10;2;ol;FALSE
400270;ЕЭК-500 - ЭГРЭС-1-500;line;31;25;1;3.05;36.64;1.47313868;10;1;ol;FALSE
400271;нс-12 - нс 17;line;52;307;1;8.1499996185;32.1599998474;0.6729073223;10;1;ol;TRUE
400272;Шымкент-220 - Шымкентская ТЭЦ-3;line;831;813;1;2.4100000858;9.4899997711;0.1941690963;10;2;ol;FALSE
400273;Cарань - грэс-2;line;308;355;1;3.89;15.24;0.3055776;10;1;ol;FALSE
400274;Главная - Чуйская;line;2916;2932;1;5.87;25.28;0.516712623;10;1;ol;TRUE
400275;Cарань - грэс-2;line;308;355;1;3.89;15.24;0.3055776;10;2;ol;FALSE
400276;Осакаровка - Cарань;line;306;308;1;9.81;38.36;0.7734933;10;1;ol;FALSE
400277;Осакаровка - Cарань;line;306;308;1;9.81;38.36;0.7734933;10;2;ol;FALSE
400278;ЕЭК-500 - РУБЦОВСКАЯ;line;31;1621;1;10.25;98.5;4.1061991394;10;1;ol;FALSE
400279;ДАТКА - КЕМИН;line;2950;2951;1;9.72;120.63;4.9401712;10;1;ol;TRUE
400280;ДАТКА - ТОКТОГУЛЬСКАЯ ГЭС;line;2950;2921;1;2.4;23.92;0.95493;10;1;ol;TRUE
400281;ИСЕТЬ - КОЗЫРЕВО;line;50001;4703;1;4.05;41.19;1.655212;10;1;ol;FALSE
400282;ЕЭК-500 - ИРТЫШСКАЯ;line;31;1850;1;7.6199998856;76.8000030518;3.0334942384;10;1;ol;FALSE
400283;КУРЧАТОВСКАЯ - ШАГОЛ   ;line;50002;4782;1;4.42;68.2;2.602757208;10;1;ol;FALSE
400284;Апановка - Аман-карагай;line;573;572;1;6.5999999046;25.3999996185;0.5188453135;10;1;ol;TRUE
400285;ЗАРЯ     - БАРАБИНСКАЯ;line;1631;9917;1;10.8;110;4.37835405;10;1;ol;FALSE
400286;грэс-2 - Коунрад-220;line;355;481;1;34.2000007629;146.1999969482;3.0029366163;10;1;ol;FALSE
400287;РУБЦОВСКАЯ - БАРНАУЛ-500;line;1621;1630;1;10.3;105;4.3640301;10;1;ol;FALSE
400288;Бесагаш - Ерменсай;line;940;942;1;1;5.4000000954;4.4760752114;10;1;ol;TRUE
400289;Бесагаш - Ерменсай;line;940;942;1;1;5.4000000954;4.4760752114;10;2;ol;FALSE
400290;Нура-220 - ипм;line;310;318;1;3.4;13;0.2801128;10;2;ol;TRUE
400291;БАРНАУЛ-500 - АЛТАЙ;line;1630;1660;1;0.26;2.64;0.10536061;10;1;ol;FALSE
400292;БАРНАУЛ-500 - АЛТАЙ;line;1630;1660;1;0.19;1.97;0.07862257;10;2;ol;FALSE
400293;тэц-3 - ипм;line;383;318;1;0.3;1.3;0.0254648;10;2;ol;TRUE
400294;тэц-3 - ипм;line;383;318;1;0.3;1.3;0.0254648;10;1;ol;TRUE
400295;ЭКИБАСТУЗСКАЯ - СЕМЕЙ-500;line;26;980;1;10.1;122.52;4.85040778;10;1;ol;FALSE
400296;Чуйская - Кемин;line;2932;2952;1;5.77;24.85;0.507895436;10;1;ol;TRUE
400297;пс-18 - Семей-220;line;218;981;1;0.37;3.88;0.10026765;10;2;ol;FALSE
400298;СЕМЕЙ-500 - АКТОГАЙ;line;980;986;1;9.84;120.42;4.53464426;10;1;ol;FALSE
400299;грэс-2 - Коунрад-220;line;355;481;1;34.2;146.2;3.00293654;10;2;ol;FALSE
400300;СЕМЕЙ-500 - УСТЬ-КАМЕНОГРСКАЯ-500;line;980;240;1;5.72;58.55;2.29437848;10;1;ol;FALSE
400301;шгэс-220 - Семей-220;line;220;981;1;2.57;25.36;1.1077188;10;2;ol;FALSE
400302;АКТОГАЙ - ТАЛДЫКОРГАН-500;line;986;987;1;8.33;88.52;3.29355357;10;1;ol;FALSE
400303;БЕРКУТ   - ТЮМЕНЬ  ;line;4728;4730;1;1.28;11.38;0.31831;10;1;ol;FALSE
400304;КУРГАН - БЕРКУТ  ;line;4727;4728;1;5;46.8;1.8525642;10;1;ol;FALSE
400305;Нура-220 - Металлургическая;line;310;384;1;1.56;6.2;0.12923386;10;2;ol;FALSE
400306;Металлургическая - отпайка-5;line;384;315;1;2.65;10.4;0.20658319;10;1;ol;FALSE
400307;Мойнакская гэс-220 - Робот;line;935;907;1;17.1000003815;95.6999969482;1.9576065837;10;1;ol;FALSE
400308;тэц-3 - отпайка-5;line;383;315;1;0.2;0.9;0.01846198;10;1;ol;FALSE
400309;Мойнакская гэс-220 - Чилик;line;935;911;1;7.3000001907;40.9000015259;0.8371552823;10;1;ol;FALSE
400310;Таугуль - Ерменсай;line;929;942;1;1.3999999762;5.0999999046;0.0974028606;10;1;ol;FALSE
400311;Таугуль - Ерменсай;line;929;942;1;1.3999999762;5.0999999046;0.0974028606;10;2;ol;FALSE
400312;ВИТЯЗЬ - ВОСХОД;line;1852;1853;1;8.56;102.65;4.15012578;10;1;ol;FALSE
400313;ВОСХОД - ТАВРИЧЕСКАЯ;line;1853;1817;1;2.1;21.85;0.87089616;10;1;ol;FALSE
400314;ВОСХОД - БАРАБИНСКАЯ;line;1853;9917;1;8.43;86.95;3.46193956;10;1;ol;FALSE
400315;шгэс-220 - жгок;line;220;222;1;8.76;30.7999992371;0.6445777482;10;1;ol;FALSE
400316;Металлургическая - отпайка-4;line;384;314;1;2.65;10.4;0.20658319;10;1;ol;FALSE
400317;АЛТАЙ - ЗАРЯ    ;line;1660;1631;1;5.46;50.12;2.1072122;10;1;ol;FALSE
400318;тэц-3 - отпайка-4;line;383;314;1;0.2;0.9;0.01846198;10;1;ol;FALSE
400319;МАГНИТОГОРСКАЯ - ТРОИЦКАЯ ГРЭС;line;4785;4799;1;6.2;54.6;2.4350715;10;1;ol;FALSE
400320;КОЗЫРЕВО - ШАГОЛ   ;line;4703;4782;1;1.96;16.2;0.6939158;10;1;ol;FALSE
400321;ИРИКЛИНСКАЯ ГРЭС - МАГНИТОГОРСКАЯ;line;4790;4785;1;6.8;66;2.705635;10;1;ol;FALSE
400322;Урожайная - Барнаул-220;line;1673;1640;1;26.5;103.7;8.3620037;10;1;ol;TRUE
400323;Заречная - Центральная;line;596;593;1;0.8000000119;3.6600000858;0.0719380577;10;1;ol;FALSE
400324;Чилисай - Ульке-220;line;3019;3020;1;17.1000003815;61.4700012207;1.1694709515;10;1;ol;TRUE
400325;Есиль - Чернозубовка;line;170;186;1;12.39;44.54;0.847468544;10;1;ol;FALSE
400326;КОКЧЕТАВСКАЯ - КОСТАНАЙСКАЯ;line;175;590;1;5.02;106.96;5.5608757;10;1;ol;FALSE
400327;АГАДЫРЬ-500 - ЭКИБАСТУЗСКАЯ;line;469;26;1;11.6000003815;138.3000030518;5.5939799207;10;1;ol;FALSE
400328;эгрэс-1 - Бощак(T);line;39;59;1;9.69;40.78;0.8785356;10;1;ol;FALSE
400329;эгрэс-1 - Бощак(T);line;39;59;1;7.8800001144;34.5;0.6760904465;10;2;ol;FALSE
400330;ЭГРЭС-1-500 - ТАВРИЧЕСКАЯ;line;25;1817;1;11.8000001907;108.1999969482;4.5836640695;10;1;ol;FALSE
400331;Коунрад-220 - Актогай-220;line;481;483;1;36.5999984741;154.8000030518;3.2540830806;10;1;ol;FALSE
400332;Коунрад-220 - Актогай-220;line;481;483;1;36.5999984741;154.8000030518;3.2540830806;10;2;ol;TRUE
400333;Балхашская-220 - Mоинты;line;473;475;1;16.4599990845;70.1399993896;1.4218907581;10;1;ol;FALSE
400334;ЭГРЭС-1-500 - НУРА-500;line;25;325;1;8.3000001907;78.3000030518;3.3422548808;10;1;ol;FALSE
400335;ШУ - ФРУНЗЕ;line;9932;2919;1;2.8199999332;28.8500003815;1.1522821732;10;1;ol;FALSE
400336;ШУ - АЛМАТЫ;line;9932;902;1;7.0999999046;72.4100036621;2.8998041321;10;1;ol;FALSE
400337;ШУ - ЮКГРЭС;line;9932;900;1;5.1999998093;63.5999984741;2.5082828154;10;1;ol;FALSE
400338;Ру-6 - Шиели;line;869;863;1;4.99;19.49;0.4106199;10;1;ol;FALSE
400339;Жанакорган - Ру-6;line;865;869;1;7.2100000381;28.3099994659;0.5914199903;10;1;ol;FALSE
400340;ИРТЫШСКАЯ - ТАВРИЧЕСКАЯ;line;1850;1817;1;3.42;35.28;1.3941978;10;1;ol;FALSE
400341;Иртышская - Урожайная;line;1851;1673;1;10.7;46.8;3.7528749;10;1;ol;TRUE
400342;ТУЛЕБЕРДЫЕВА - ТОКТОГУЛЬСКАЯ ГЭС;line;2915;2921;1;2.7;24.2;0.95493;10;1;ol;TRUE
400343;Главная - Карабалты;line;2916;2917;1;7.9;33.2;0.7862257;10;1;ol;TRUE
400344;Карабалты - Бишкек;line;2917;2918;1;6.4;27;0.286479;10;1;ol;TRUE
400345;Карабалты - Бишкек;line;2917;2918;1;6.4;27;0.286479;10;2;ol;TRUE
400346;ФРУНЗЕ - ТУЛЕБЕРДЫЕВА;line;2919;2915;1;4.4;40;1.6297472;10;1;ol;TRUE
400347;ЛОЧИН - УЗБЕКИСТОН;line;2920;2922;1;4.85;44.22;1.8016346;10;1;ol;TRUE
400348;УЗБЕКИСТОН - СЫРДАРЬИНСКАЯ ТЭС;line;2922;2923;1;6.2;88;4.424509;10;1;ol;TRUE
400349;УЗБЕКИСТОН - НОВО-АНГРЕНСКАЯ ТЭС;line;2922;2945;1;4.35;50.54;1.8939445;10;1;ol;TRUE
400350;ТАШ.ГРЭС - ТАШКЕНТ ;line;2924;2940;1;0.45;5.81;0.2069015;10;1;ol;TRUE
400351;Ташкент - Ташкентская грэс;line;2925;2926;1;0;3;0;10;1;ol;TRUE
400352;ТАШКЕНТ  - СЫРДАРЬИНСКАЯ ТЭС;line;2940;2923;1;4.03;49.2;1.8525642;10;1;ol;TRUE
400353;ТАШКЕНТ  - НОВО-АНГРЕНСКАЯ ТЭС;line;2940;2945;1;1.62;20;0.7480285;10;1;ol;TRUE
400354;ЮЖНАЯ    - РЕФТИНСКАЯ ГРЭС;line;4701;4702;1;2.23;25.5;1.050423;10;1;ol;FALSE
400355;ЮЖНАЯ    - КУРЧАТОВСКАЯ;line;4701;50002;1;2.64;39.1;1.59664296;10;1;ol;FALSE
400356;РЕФТИНСКАЯ ГРЭС - ИСЕТЬ;line;4702;50001;1;3.5;35.55;1.43112176;10;1;ol;FALSE
400357;РЕФТИНСКАЯ ГРЭС - ТЮМЕНЬ  ;line;4702;4730;1;8.32;73.14;3.0398605;10;1;ol;FALSE
400358;РЕФТИНСКАЯ ГРЭС - ТЮМЕНЬ  ;line;4702;4730;1;8.32;73.14;3.0398605;10;2;ol;FALSE
400359;КОЗЫРЕВО - КУРГАН;line;4703;4727;1;9.02;84.65;3.3931846;10;1;ol;FALSE
400360;ИСЕТЬ - КУРЧАТОВСКАЯ;line;50001;50002;1;29.82;29.14;1.183572073;10;1;ol;FALSE
400361;Усть-Камногорская-220 - ТМК;line;241;242;1;3.27;21.8;0.4965636;10;1;ol;FALSE
400362;Усть-Камногорская-220 - ТМК;line;241;242;1;3.27;21.8;0.4965636;10;2;ol;FALSE
400363;ПС-7 - Усть-Камногорская-220;line;215;241;1;4.3;6.8;0.39311285;10;1;ol;FALSE
400364;ПС-7 - Усть-Камногорская-220;line;215;241;1;4.3;6.8;0.39311285;10;2;ol;FALSE
400365;БАРНАУЛ-500 - Новокузнецкая;line;1630;1638;1;7.8;77;3.087607;10;1;ol;TRUE
400366;АЛТАЙ - Итатская;line;1660;1636;1;5;120;6.04789;10;1;ol;TRUE
400367;ЗАРЯ     - Юрга;line;1631;1632;1;2.56;31.7;1.5119725;10;1;ol;TRUE
400368;Шымкент-220 - Жылга;line;831;839;1;19.96;79.35;1.65457538;10;1;ol;FALSE
400369;Кызылсай - Жамбыл;line;845;801;1;17.66;71.61;1.42029922;10;1;ol;FALSE
400370;Шу - Чиганак;line;932;925;1;22.96;102.12;2.00503469;10;1;ol;FALSE
400371;отпайка - гпп-2;line;861;5957;1;27.9;108.86;2.21734746;10;1;ol;FALSE
400372;юкгрэс - Mоинты;line;901;475;1;26.49;115.13;2.34053343;10;1;ol;FALSE
400373;нс-19 - эгрэс-1;line;309;39;1;28.98;114.36;2.36217851;10;1;ol;FALSE
400374;грэс-2 - Айса;line;355;452;1;14.4;56.87;1.1713808;10;1;ol;FALSE
400375;Апановка - Есиль;line;573;170;1;21.65;83.62;2.960283;10;1;ol;FALSE
400376;Есиль - Перекатная (т);line;170;172;1;12.4;55.4;1.08830189;10;1;ol;FALSE
400377;Атбасар - Жалтыр (т);line;134;132;1;11.6;51.5;1.01031594;10;2;ol;FALSE
400378;цгпп - Жалтыр (т);line;130;132;1;11.4;51.1;1.00203988;10;2;ol;FALSE
400379;цгпп - Еркеншилик (т);line;130;167;1;9.5;42.7;0.83779192;10;1;ol;FALSE
400380;Танкерис (т) - Макинск;line;179;150;1;16.8;75.2;1.47759502;10;1;ol;FALSE
400381;жгрэс-220 - Мерке;line;805;809;1;16.63;62.03;1.39228794;10;1;ol;FALSE
400382;Главная - Кемин;line;2916;2952;1;11.64;50.13;1.02463989;10;1;ol;FALSE
400383;ФРУНЗЕ - ТОКТОГУЛЬСКАЯ ГЭС;line;2919;2921;1;7.1;64.2;2.5846772;10;1;ol;FALSE
400384;Главная - Бишкек;line;2916;2918;1;11.1;46.7;1.3591837;10;1;ol;FALSE
